Darlene Yockney,68496587E,1998
Wayne Terbrugge,87380186G,2012
Dorthy Dymond,74388221C,2006
Hatti Knappe,46191834B,2007
Valentijn Mea,66410958R,1995
Allison Spaducci,44589900L,2000
Wilmar Pieche,26913631T,1994
Leona Grinaugh,85382231U,1984
Karlens Hale,73955533S,1992
Matty Glasscock,75696922N,2009
Quintana Norewood,68090555B,1997
Krysta Wilsdon,54293558J,2009
Camilla McCurtain,65914543X,2012
Jerald Prothero,01086491Y,2013
Paxon Nijssen,62090006E,2010
Electra Vawton,39673474Z,1998
Sammy Mullins,14683340V,2008
Jeno Winward,97935597G,1988
Ermengarde MacCaghan,34105108X,1995
Eunice Groveham,78189620E,1985
